,0,1,2,3,4,5,6,7,8,9,10,11,12,13,14,15,16,17,18,19,20,21,22,23,24,25,26,27,28,29
0,,,,,,,,,,,,,,,,,,,,,,,,,,,,,,
1,,,,,,,,,,,,,,,,,,,,,,,,,,,,,,
2,4.232718646526337,5.14567232131958,1.0314462333917618,3.714904561638832,2.3319582641124725,0.9998406320810318,0.740822896361351,0.151098370552063,1.23775614798069,0.6293776035308838,2.112949326634407,3.1764495596289635,0.32409103214740753,1.179453819990158,2.598765105009079,1.2863605916500092,3.2358038872480392,3.072879984974861,4.703992620110512,3.8242439441382885,0.4590068906545639,0.9297293126583099,4.0405140072107315,0.5389300733804703,0.14419427514076233,1.084349974989891,1.7116456627845764,1.7000445425510406,2.853857710957527,0.3433002382516861
3,-15.032718479633331,-14.495672151446342,-13.16855312883854,-13.064904391765594,-14.631958052515984,-14.049841091036797,-19.15917657315731,-15.151098355650902,-18.13775570690632,-13.220622092485428,-14.462949067354202,-12.926449701189995,-15.02590861916542,-19.829454481601715,-14.698765084147453,-18.636361107230186,-15.014195770025253,-18.57712058722973,-15.596007853746414,-4.8257558606565,-19.159007504582405,-16.47027115523815,-21.340514570474625,-10.661069378256798,-18.194194123148918,-21.134349301457405,-18.3116455078125,-18.499956026673317,-20.053858369588852,-6.793300062417984
4,-10.799999833106995,-9.349999830126762,-14.199999362230301,-9.349999830126762,-12.299999788403511,-13.050000458955765,-19.89999946951866,-14.999999985098839,-16.89999955892563,-13.849999696016312,-12.349999740719795,-9.750000141561031,-15.349999651312828,-18.650000661611557,-12.099999979138374,-17.350000515580177,-18.249999657273293,-21.65000057220459,-20.300000473856926,-8.649999804794788,-18.70000061392784,-17.40000046789646,-17.300000563263893,-11.199999451637268,-18.049999848008156,-20.049999326467514,-16.599999845027924,-20.200000569224358,-17.200000658631325,-6.449999824166298
5,0.8918861895799637,0.5564319640398026,0.9225154891610146,7.676702681928873,4.1396020501852036,2.2956578880548477,1.960920125246048,4.627982959151268,2.9489809572696686,1.825432449579239,2.2395941615104675,2.3213041722774506,1.5817921608686447,0.0645061582326889,0.4041699469089508,1.0248456299304962,1.065174549818039,0.6584352254867554,1.210067704319954,3.042728267610073,0.4197012186050415,3.670628860592842,2.552567809820175,6.741867618635297,3.2012756168842316,2.550719141960144,3.0881432741880417,0.10855129361152649,4.697159722447395,9.348356783390045
6,-16.391885697841644,-15.556431949138641,-11.477484203875065,-9.826702795922756,-18.489602655172348,-12.80434200167656,-18.289080396294594,-13.827982932329178,-17.14898031949997,-15.024567157030106,-16.889594480395317,-16.02130401134491,-11.668208107352257,-15.21450600028038,-13.995830610394478,-17.02515421807766,-12.965174719691277,-14.941564187407494,-15.860068023204803,-5.4072717279195786,-17.56970053911209,-13.679371654987335,-21.002567276358604,-8.541867546737194,-16.701275646686554,-17.800718888640404,-15.911857053637505,-17.108550757169724,-18.247159704566002,-5.3983568251132965
7,-15.49999950826168,-14.999999985098839,-12.39999969303608,-2.150000113993883,-14.350000604987144,-15.099999889731407,-20.250000521540642,-9.19999997317791,-14.199999362230301,-16.849999606609344,-14.65000031888485,-13.699999839067459,-13.250000268220901,-15.149999842047691,-14.400000557303429,-18.049999848008156,-11.900000169873238,-15.599999412894249,-14.65000031888485,-8.449999995529652,-17.14999932050705,-17.350000515580177,-18.44999946653843,-1.7999999281018972,-13.500000029802322,-15.24999974668026,-19.000000327825546,-16.999999463558197,-13.549999982118607,3.9499999582767487
8,2.121506690979004,2.687489554286003,0.14655430614948273,2.0149804949760437,0.9231029003858566,1.9164509326219559,2.212858632206917,0.20466123521327972,5.417364828288555,1.2787705212831497,2.1915870010852814,2.2455309629440308,2.3544667288661003,1.9055958986282349,0.38594432175159454,0.1361893266439438,1.078023761510849,0.2897540032863617,2.566649869084358,0.47922375053167343,0.8679657578468323,1.4488592222332954,3.437217742204666,1.31806181371212,1.3761867582798004,0.3360358327627182,3.6442810148000717,1.4226515144109726,1.6085429340600967,7.920753516256809
9,-17.421506389975548,-13.6625105291605,-11.646554857492447,-10.885020107030869,-18.273103415966034,-13.333548814058304,-18.787141174077988,-16.104661747813225,-13.567365109920502,-16.52877026796341,-17.991587609052658,-14.795530512928963,-11.145533300936222,-18.944404050707817,-14.585943683981895,-17.16381123661995,-14.878023505210876,-19.43975418806076,-17.43334950506687,-2.5292236134409904,-15.61796598136425,-10.801140613853931,-18.38721777498722,-7.031938277184963,-15.573812752962112,-19.786035731434822,-17.494280710816383,-17.677348718047142,-15.908543586730957,-3.470753688365221
10,-15.299999698996544,-16.350000083446503,-11.500000551342964,-12.900000602006912,-17.350000515580177,-15.24999974668026,-20.999999806284904,-15.900000512599945,-8.150000281631947,-15.24999974668026,-15.800000607967377,-12.549999549984932,-13.500000029802322,-20.849999949336052,-14.199999362230301,-17.300000563263893,-13.799999743700027,-19.1500001847744,-19.99999937415123,-2.049999862909317,-14.750000223517418,-12.249999836087227,-14.950000032782555,-8.350000090897083,-16.949999511241913,-19.449999898672104,-13.849999696016312,-19.100000232458115,-14.30000065267086,4.449999827891588
11,0.0013632029294967651,1.8716380596160889,2.7424811869859695,0.2985505908727646,0.4621770977973938,0.4089764505624771,1.9154841601848602,2.6883529126644135,8.420768283307552,1.164605751633644,3.5859592854976654,2.3254319727420807,1.9945564568042755,2.132257267832756,1.0452225506305695,2.0817805975675583,6.131476014852524,2.970802754163742,1.9437277913093567,0.5385377183556557,0.8063757717609406,1.437407597899437,0.3596125841140747,0.0527053102850914,1.9052277952432632,0.39673560857772827,4.39109294116497,1.936838075518608,1.645703375339508,4.100477397441864
12,-20.351363629102707,-17.02836236357689,-14.107518419623375,-14.251449823379517,-20.78782247006893,-16.608976677060127,-19.265484675765038,-16.961646795272827,-17.220767945051193,-18.935394912958145,-20.835959896445274,-19.57456836104393,-12.655443862080574,-16.567743346095085,-16.954777345061302,-17.568219110369682,-15.118523553013802,-19.029197484254837,-18.456272587180138,-8.338537640869617,-16.143623739480972,-13.41259253025055,-16.75961261987686,-10.65270533412695,-14.955228254199028,-15.646735355257988,-16.69109272956848,-18.836837634444237,-16.44570355117321,-7.99952258169651
13,-20.35000042617321,-18.900000423192978,-16.849999606609344,-14.550000414252281,-21.249999567866325,-16.20000022649765,-17.350000515580177,-19.64999970793724,-8.799999661743641,-20.10000066459179,-17.25000061094761,-21.90000033378601,-14.65000031888485,-18.70000061392784,-17.99999989569187,-19.64999970793724,-21.249999567866325,-22.00000023841858,-20.400000378489494,-7.799999922513962,-16.949999511241913,-14.850000128149986,-16.400000035762787,-10.600000023841858,-13.050000458955765,-15.24999974668026,-12.299999788403511,-16.89999955892563,-14.800000175833702,-12.099999979138374
14,0.7291779518127441,0.313956618309021,0.46290187537670135,1.5786995589733124,2.5815117955207825,1.6901263147592545,0.28913038969039917,0.5809690803289413,2.6425982117652893,2.0455999225378036,1.3332793712615967,2.3529629558324814,1.7633343935012817,2.159947097301483,0.13870231807231903,0.6834606677293777,3.562081292271614,2.9345874339342117,3.0145901292562485,2.523160096257925,0.7348297983407974,3.4079101532697678,1.820056900382042,8.327043836936355,0.6104909479618073,3.5859102606773376,2.465569034218788,2.2810325920581818,2.8837426602840424,7.033783048391342
15,-15.120822608470917,-11.486043646931648,-12.7870983928442,-3.478699564933777,-17.481511875987053,-12.809874147176743,-17.489131048321724,-13.230968534946442,-17.042598769068718,-14.504399970173836,-14.666721045970917,-14.402962982654572,-12.486664921045303,-15.4900531321764,-14.388701632618904,-15.48346084356308,-11.38791874051094,-14.215411886572838,-14.935409814119339,-5.376839730888605,-16.084829449653625,-12.29208916425705,-18.179942473769188,-4.877043921500444,-16.460491508245468,-16.71409021317959,-13.884431049227715,-15.831032574176788,-17.98374255001545,-3.533783007413149
16,-15.850000560283661,-11.80000026524067,-13.250000268220901,-1.9000000059604645,-14.90000008046627,-14.500000461935997,-17.200000658631325,-12.6499994546175,-14.400000557303429,-16.54999989271164,-16.000000417232513,-12.05000002682209,-14.249999314546585,-17.650000229477882,-14.249999314546585,-14.800000175833702,-14.950000032782555,-17.14999932050705,-17.949999943375587,-7.89999982714653,-15.349999651312828,-15.699999317526817,-19.99999937415123,3.4499999154359102,-15.850000560283661,-20.300000473856926,-16.350000083446503,-13.549999982118607,-15.099999889731407,3.5000000409781933
17,1.5559196472167969,3.3384082466363907,3.426987186074257,5.300843320786953,4.438779979944229,1.5633186474442482,1.2762686163187027,1.2206372618675232,4.486755266785622,2.9575890749692917,0.9282104671001434,1.5813431590795517,1.3499859794974327,1.483128696680069,3.4465485587716103,0.001448601484298706,2.755602017045021,1.6628723219037056,0.7329584360122681,3.5893498361110687,2.3752259612083435,3.438285678625107,3.4635688811540604,8.682727156439796,1.6758031249046326,0.48635390400886536,2.5242427587509155,0.5896774977445602,1.0160615146160126,5.251323724165559
18,-15.855920299887657,-12.838407933712006,-12.723013088107109,-8.65084332972765,-20.088779345154762,-11.5366817638278,-17.32373070716858,-13.570637002587318,-17.886755391955376,-15.242410629987717,-16.921789571642876,-14.86865682899952,-11.10001366585493,-11.983128815889359,-11.553451426327229,-15.298551097512245,-12.194398015737534,-11.38712813705206,-16.467042222619057,-8.460650190711021,-17.525225803256035,-12.26171363890171,-18.96356838941574,-7.382727161049843,-16.52580325305462,-15.963646084070206,-14.725757852196693,-16.53967796266079,-16.71606083214283,-6.251323722302914
19,-14.30000065267086,-9.499999687075615,-16.150000274181366,-3.3500000089406967,-15.649999365210533,-13.100000411272049,-18.599999323487282,-12.349999740719795,-13.400000125169754,-18.19999970495701,-17.85000003874302,-16.44999998807907,-12.449999645352364,-10.50000011920929,-14.999999985098839,-15.299999698996544,-14.950000032782555,-13.050000458955765,-17.200000658631325,-12.05000002682209,-15.149999842047691,-15.699999317526817,-15.49999950826168,1.2999999953899533,-14.850000128149986,-16.44999998807907,-17.25000061094761,-15.95000046491623,-15.699999317526817,-0.9999999981373549
20,3.6430199295282364,2.8632839769124985,3.7628128081560135,1.4531439691781998,2.6278116405010223,3.9673178791999817,0.22158333659172058,1.3025939464569092,3.176157847046852,2.1020674407482147,2.3212459683418274,1.089675635099411,1.0730209946632385,1.1177354753017426,1.7466414719820023,1.89305017888546,0.6897544860839844,0.47829127311706543,1.5131198316812515,4.591583497822285,2.1232259571552277,0.9490211457014084,3.121780127286911,0.7793641239404678,1.225700482726097,2.173096165060997,0.7287225425243378,1.0843250304460526,3.121392101049423,6.354549702256918
21,-18.193020343780518,-16.563283815979958,-12.087187752127647,-14.353144571185112,-19.227811485528946,-14.332681730389595,-19.321583569049835,-15.102593690156937,-18.376157641410828,-16.447931930422783,-18.021245285868645,-16.58967514336109,-12.523021593689919,-18.067734986543655,-16.74664145708084,-17.606949672102928,-14.310245499014854,-18.471709102392197,-16.986879587173462,-7.558416433632374,-17.526773750782013,-14.600978314876556,-21.771780788898468,-11.979363575577736,-17.174299031496048,-19.873096346855164,-16.72872295975685,-18.584325402975082,-19.121392518281937,-7.904549695551395
22,-14.550000414252281,-13.699999839067459,-15.850000560283661,-12.900000602006912,-16.599999845027924,-18.299999609589577,-19.100000232458115,-13.799999743700027,-15.199999794363976,-18.549999371170998,-15.699999317526817,-15.49999950826168,-11.45000059902668,-16.949999511241913,-14.999999985098839,-19.499999850988388,-14.999999985098839,-18.950000375509262,-18.499999418854713,-12.149999931454659,-19.64999970793724,-15.549999460577965,-18.650000661611557,-11.199999451637268,-18.399999514222145,-17.700000181794167,-16.000000417232513,-17.50000037252903,-16.000000417232513,-1.5499999932944775
23,2.4614088386297226,1.334945634007454,0.7175967544317245,3.341918498277664,1.5430995374917984,1.950867474079132,1.75114344060421,3.407292604446411,0.43575718998908997,6.169046655297279,1.4277346581220627,2.079866796731949,1.0492211282253265,0.7691695988178253,0.0011201649904251099,2.7226087003946304,5.090423792600632,0.31674209237098694,3.6418747305870056,0.3490390405058861,0.734699010848999,1.469221591949463,5.202332466840744,2.2376401722431183,0.28294968605041504,0.14281626045703888,3.4279045909643173,0.36570268869400024,3.1711107343435287,2.9959750920534134
24,-18.28859120607376,-18.7849460542202,-11.782402843236923,-14.541917949914932,-19.393099576234818,-14.199132800102234,-19.698855936527252,-14.757291913032532,-20.08575689792633,-15.630953773856163,-18.422264859080315,-17.57013291120529,-12.849221393465996,-17.780829772353172,-15.998880252242088,-18.077391296625137,-14.609575867652893,-18.33325856924057,-16.858125552535057,-7.8009612411260605,-18.265301316976547,-15.83077897131443,-21.35233274102211,-13.037640005350113,-17.082949340343475,-20.007184356451035,-17.02209573984146,-19.234297066926956,-18.971111342310905,-8.345975272357464
25,-20.750000044703484,-17.450000420212746,-12.499999597668648,-11.199999451637268,-17.85000003874302,-16.150000274181366,-21.449999377131462,-11.34999930858612,-19.64999970793724,-21.800000429153442,-19.849999517202377,-19.64999970793724,-11.80000026524067,-18.549999371170998,-16.000000417232513,-20.799999997019768,-19.699999660253525,-18.650000661611557,-20.500000283122063,-8.150000281631947,-19.000000327825546,-17.300000563263893,-16.150000274181366,-10.799999833106995,-16.79999965429306,-20.150000616908073,-20.45000033080578,-19.599999755620956,-15.800000607967377,-5.3500001803040504
26,3.445084974169731,0.777768537402153,5.2863451689481735,1.271817922592163,1.006029650568962,1.5096017867326736,1.6261005997657776,4.559310629963875,0.1124357134103775,1.0113728046417236,2.1752150654792786,2.448038563132286,0.56292724609375,0.3817378729581833,1.548344299197197,2.453628048300743,1.2810155302286148,1.960915967822075,3.9713533520698547,1.447916179895401,0.4053151458501816,0.805602490901947,5.188272058963776,4.7696679681539536,3.7998642921447754,1.119904264807701,1.6644403636455536,0.23819224536418915,5.085427090525627,2.9028283543884754
27,-16.7950851470232,-15.522231593728065,-11.213654771447182,-12.671818569302559,-17.806029304862022,-14.359602436423302,-18.67389987409115,-14.009310364723206,-19.612435564398766,-14.788627803325653,-16.825215384364128,-16.20196209847927,-12.512927368283272,-18.11826154589653,-15.501655116677284,-17.403628081083298,-14.031014889478683,-18.43908441066742,-16.07864597439766,-5.652083717286587,-17.455314561724663,-14.844396874308586,-21.038272619247437,-10.06966819614172,-17.54986408352852,-19.619903683662415,-16.685559198260307,-18.288192093372345,-19.18542654812336,-6.452828519046307
28,-13.35000017285347,-16.30000013113022,-16.499999940395355,-11.400000646710396,-16.79999965429306,-12.850000649690628,-20.300000473856926,-9.44999973475933,-19.499999850988388,-15.800000607967377,-14.65000031888485,-18.650000661611557,-11.950000122189522,-18.499999418854713,-17.04999941587448,-14.950000032782555,-12.749999359250069,-20.400000378489494,-20.049999326467514,-7.099999897181988,-17.04999941587448,-15.649999365210533,-15.850000560283661,-5.300000227987766,-13.749999791383743,-18.499999418854713,-18.34999956190586,-18.049999848008156,-14.099999457597733,-3.550000164657831
29,2.4184992015361786,4.755151107907295,1.9111238867044449,6.313751861453056,1.8698924630880356,0.2560783475637436,1.8084374219179153,1.6403139680624008,1.1054364293813705,1.8593838810920715,0.914395347237587,3.5551901906728745,1.7622042670845985,0.782998576760292,2.136250302195549,2.6947350800037384,1.2804232686758041,5.766537860035896,0.17929401993751526,0.4772642180323601,1.2445779591798782,5.4767584800720215,1.3384046107530594,5.70533711463213,1.259454607963562,6.219475343823433,0.5848645865917206,1.558647781610489,0.8865937888622284,3.7803363502025604
30,-19.318498760461807,-17.044849321246147,-12.188875570893288,-11.013751968741417,-18.669892117381096,-14.893921494483948,-20.008437126874924,-16.89031371474266,-15.555436939001083,-18.309383869171143,-19.685604840517044,-18.75518998503685,-11.537795953452587,-14.717000931501389,-17.436250001192093,-17.544735208153725,-13.06957733631134,-18.166537553071976,-18.179293915629387,-10.527264073491096,-15.255421981215477,-11.176758326590061,-15.988404929637909,-11.455336913466454,-13.990545138716698,-20.61947590112686,-15.23486490547657,-18.041351974010468,-15.186594441533089,-5.869663886725903
31,-16.89999955892563,-21.800000429153442,-14.099999457597733,-4.700000107288361,-16.79999965429306,-15.149999842047691,-18.19999970495701,-15.24999974668026,-14.450000509619713,-16.44999998807907,-20.60000018775463,-15.199999794363976,-13.300000220537186,-15.49999950826168,-15.299999698996544,-14.850000128149986,-14.350000604987144,-12.39999969303608,-17.99999989569187,-10.049999855458736,-16.499999940395355,-5.69999984651804,-14.65000031888485,-5.749999798834324,-15.24999974668026,-14.400000557303429,-14.65000031888485,-19.599999755620956,-14.30000065267086,-9.650000236928463
32,5.663446217775345,2.734597325325012,0.38889279961586,0.8872742205858231,4.40354996919632,1.7262931317090988,1.8459692597389221,4.346946641802788,4.5851365476846695,1.9830284416675568,3.8591602444648743,1.2946477234363556,0.18908561766147614,0.418569877743721,1.9852138608694077,2.3936760872602463,3.866650015115738,0.6689914464950562,0.9877716302871704,2.7061090990900993,2.0551439821720123,0.23869945108890533,2.04104945063591,3.313222572207451,2.9993420839309692,1.4661303758621216,1.0975104719400406,1.1338302493095398,3.130288988351822,1.5156750902533531
33,-18.213445767760277,-17.16540214419365,-13.161107182502747,-15.137273535132408,-18.203549712896347,-14.82370676100254,-20.445968583226204,-17.59694691002369,-16.235136955976486,-17.083028331398964,-18.159160897135735,-15.944648042321205,-13.760913982987404,-20.43143007159233,-16.385214418172836,-19.306324437260628,-16.68335022032261,-20.168991297483444,-17.637771427631378,-6.006109155714512,-18.644856110215187,-14.738699913024902,-21.69104915857315,-10.96322263777256,-17.900657817721367,-20.61613056063652,-18.852488949894905,-19.73382957279682,-18.980289548635483,-7.515675343573093
34,-12.549999549984932,-19.89999946951866,-13.549999982118607,-14.249999314546585,-13.799999743700027,-16.54999989271164,-18.599999323487282,-13.250000268220901,-11.650000408291817,-15.099999889731407,-14.30000065267086,-14.65000031888485,-13.94999960064888,-20.849999949336052,-14.400000557303429,-21.700000524520874,-20.550000235438347,-19.499999850988388,-16.649999797344208,-3.3000000566244125,-20.7000000923872,-14.500000461935997,-19.64999970793724,-7.650000065565109,-20.899999901652336,-19.1500001847744,-19.949999421834946,-18.599999323487282,-15.850000560283661,-6.00000025331974
35,0.8879028558731079,2.7430258095264435,3.4196008294820786,0.1571986973285675,1.273210659623146,5.444221958518028,0.1902940422296524,4.782716736197472,0.7313015311956406,1.164903700351715,1.9926537424325943,0.24827399849891663,0.5650137513875961,1.8902065008878708,2.6779571026563644,3.5073806792497635,3.9016846269369125,0.33094991743564606,1.7477786988019943,3.607761163264513,0.9001450836658478,0.42925722897052765,3.809309959411621,1.7015341147780418,3.2344851195812225,0.6802317351102829,2.845095247030258,3.441089168190956,3.8218736946582794,0.46719441562891006
36,-17.9120976626873,-17.106973707675934,-11.680399060249329,-14.857198968529701,-19.123210698366165,-14.405777558684349,-19.00970609486103,-15.332716807723045,-17.131301566958427,-16.685096338391304,-18.30734673142433,-16.59827408194542,-12.284986898303032,-18.909793496131897,-16.92795641720295,-17.442619174718857,-15.598315224051476,-19.830949768424034,-17.302221581339836,-6.507761254906654,-16.999854907393456,-14.67074266076088,-20.45930975675583,-11.801533922553062,-16.584485292434692,-17.380231484770775,-17.595095470547676,-18.208911404013634,-17.471873581409454,-9.432805582880974
37,-18.80000051856041,-19.849999517202377,-15.099999889731407,-14.700000271201134,-17.85000003874302,-19.849999517202377,-19.200000137090683,-10.550000071525574,-16.400000035762787,-17.85000003874302,-20.300000473856926,-16.350000083446503,-12.850000649690628,-20.799999997019768,-14.249999314546585,-20.94999985396862,-19.499999850988388,-19.499999850988388,-19.05000028014183,-2.9000000916421413,-17.899999991059303,-15.099999889731407,-16.649999797344208,-10.09999980777502,-13.35000017285347,-16.699999749660492,-14.750000223517418,-21.65000057220459,-13.649999886751175,-9.899999998509884
38,5.590630322694778,1.81183473020792,0.49828484654426575,3.6744786351919174,3.3980922251939774,0.11459203064441681,1.7068064212799072,3.6932291388511658,5.9757241904735565,2.5144414603710175,4.067534491419792,1.201906681060791,1.8878520131111145,0.8227371424436569,1.9703760147094727,2.257282093167305,3.9802931994199753,3.79794442653656,0.10153304040431976,4.65766913164407,0.0178995281457901,0.22039656341075897,4.294455006718636,2.799615800380707,1.8018077164888382,1.9745944142341614,2.159402996301651,3.5687905102968216,3.5367658734321594,5.861007091589272
39,-16.890629678964615,-11.711834728717804,-12.94828449189663,-11.525521159172058,-17.84809273481369,-15.564591586589813,-16.656806454062462,-15.343229547142982,-13.625724256038666,-15.814441680908203,-17.01753504574299,-14.351907044649124,-11.462148159742355,-15.222737699747086,-16.570376381278038,-15.592717945575714,-14.119706600904465,-14.802054896950722,-16.648466661572456,-5.007669143378735,-15.632099837064743,-12.279603034257889,-18.494454368948936,-8.599615551531315,-16.651807844638824,-14.674593821167946,-16.359402358531952,-15.968790203332901,-16.836766093969345,-6.261007055640221
40,-11.299999356269836,-9.899999998509884,-12.449999645352364,-15.199999794363976,-14.450000509619713,-15.449999555945396,-14.950000032782555,-11.650000408291817,-7.650000065565109,-13.300000220537186,-12.950000554323196,-13.150000363588333,-13.35000017285347,-14.400000557303429,-14.600000366568565,-17.85000003874302,-18.09999980032444,-18.599999323487282,-16.749999701976776,-0.35000001173466444,-15.649999365210533,-12.499999597668648,-14.199999362230301,-5.799999751150608,-14.850000128149986,-12.699999406933784,-14.199999362230301,-12.39999969303608,-13.300000220537186,-0.3999999640509486
41,0.9699676334857941,2.296735182404518,1.1852432042360306,4.130625478923321,5.1874184012413025,1.4363419115543365,1.270951271057129,3.7503826320171356,1.8631726801395416,1.394884079694748,0.2647886723279953,0.4372256249189377,1.5935438126325607,1.0390473902225494,3.783753752708435,2.008487120270729,2.154475063085556,1.5081106573343277,1.1013704687356949,5.331690885126591,0.587626501917839,2.265495777130127,2.606144532561302,3.32405474036932,1.693207487463951,1.7949396520853043,0.8214686065912247,2.9123734533786774,2.803411528468132,5.418881595134735
42,-17.630031690001488,-15.79673521220684,-12.114757016301155,-10.680625207722187,-21.187418818473816,-13.363658264279366,-17.679049104452133,-14.350382655858994,-18.613172382116318,-17.40511643886566,-19.164789095520973,-19.512773796916008,-11.75645636022091,-12.31095278263092,-13.916246429085732,-15.508487150073051,-14.304474994540215,-12.708110108971596,-17.60137040913105,-8.96830976754427,-16.287625819444656,-13.18450377881527,-18.606144949793816,-10.424054637551308,-15.39320732653141,-14.544939011335373,-14.278531283140182,-16.212373673915863,-16.60341127216816,-6.568881623446941
43,-18.599999323487282,-13.500000029802322,-13.300000220537186,-6.549999728798866,-16.000000417232513,-14.800000175833702,-18.950000375509262,-10.600000023841858,-16.749999701976776,-18.80000051856041,-18.900000423192978,-19.949999421834946,-13.35000017285347,-13.35000017285347,-17.700000181794167,-13.500000029802322,-12.149999931454659,-11.199999451637268,-16.499999940395355,-14.30000065267086,-15.699999317526817,-15.449999555945396,-16.000000417232513,-7.099999897181988,-13.699999839067459,-12.749999359250069,-15.099999889731407,-13.300000220537186,-13.799999743700027,-1.1500000283122063
44,4.689162224531174,3.528266191482544,1.0147874355316162,0.363137386739254,2.2134966254234314,1.6633760631084442,0.22433970868587494,2.497438982129097,1.377176746726036,2.651454910635948,2.5252507627010345,2.2188195139169693,1.8168653845787048,5.058758080005646,0.8320755809545517,3.0951157957315445,2.6061939001083374,1.961627408862114,2.5833003520965576,5.459663324058056,1.2467320263385773,4.407115653157234,3.7296176850795746,0.7106926590204239,1.0789979845285416,2.351258412003517,0.4440041333436966,1.8696915209293365,0.9629407227039337,9.741519518196583
45,-17.839162588119507,-13.871734276413918,-13.035212069749832,-8.613137573003769,-18.41349685192108,-13.88662339746952,-19.07434017956257,-16.997439444065094,-14.677176967263222,-17.601454943418503,-18.32525137066841,-16.818819880485535,-12.083134263753891,-16.691242396831512,-15.767924264073372,-17.44511640071869,-13.743806183338165,-18.661627158522606,-17.51670031249523,-6.440336845815182,-16.39673186838627,-10.557115763425827,-19.479618340730667,-7.189307168126106,-16.628997445106506,-19.151258066296577,-16.144003450870514,-17.319691076874733,-16.5129401832819,-3.991519544273615
46,-13.150000363588333,-17.40000046789646,-14.049999505281448,-8.250000186264515,-16.20000022649765,-15.549999460577965,-18.850000470876694,-14.500000461935997,-13.300000220537186,-14.950000032782555,-15.800000607967377,-14.600000366568565,-13.899999648332596,-21.750000476837158,-16.599999845027924,-14.350000604987144,-16.350000083446503,-16.699999749660492,-20.10000066459179,-11.900000169873238,-15.149999842047691,-6.150000110268593,-15.750000655651093,-7.89999982714653,-15.549999460577965,-16.79999965429306,-15.699999317526817,-15.449999555945396,-15.549999460577965,5.749999973922968
47,4.803961172699928,1.749214917421341,3.495065003633499,9.074809892103076,1.019411876797676,2.1611638367176056,0.4786493331193924,0.19805647432804108,4.123724848031998,0.4444997310638428,2.4223822355270386,4.5682089030742645,2.0057551711797714,0.6872337013483047,1.4489971101284027,0.38990166783332825,3.6486733332276344,0.6477839052677155,2.1313939094543457,5.8600190952420235,3.422153316438198,1.8164293766021729,3.3179301619529724,4.161184623837471,1.682998239994049,8.497137390077114,0.01582913100719452,2.939084380865097,2.82073412835598,0.5293983146548271
48,-17.903961583971977,-12.199215084314346,-14.104935273528099,-9.774809829890728,-19.98058792948723,-15.788836106657982,-16.77864946424961,-15.648056030273438,-16.973725497722626,-18.705500453710556,-19.022382080554962,-18.668208360671997,-12.19424419105053,-13.212765946984291,-17.801002979278564,-14.710098221898079,-13.548673331737518,-16.952216371893883,-18.26860646903515,-10.789980702102184,-13.572153076529503,-10.666429683566093,-15.767929807305336,-9.461184851825237,-14.232997789978981,-14.047137379646301,-13.784170612692833,-15.6109149903059,-14.420734584331512,-5.829398542642593
49,-13.100000411272049,-10.450000166893005,-17.600000277161598,-0.699999937787652,-20.999999806284904,-17.949999943375587,-16.30000013113022,-15.449999555945396,-12.850000649690628,-19.1500001847744,-16.599999845027924,-14.099999457597733,-14.199999362230301,-13.899999648332596,-19.250000089406967,-15.099999889731407,-9.899999998509884,-17.600000277161598,-20.400000378489494,-16.649999797344208,-10.149999760091305,-8.85000030696392,-12.449999645352364,-5.300000227987766,-12.549999549984932,-5.549999989569187,-13.799999743700027,-18.549999371170998,-11.600000455975533,-5.300000227987766
50,2.7262137085199356,3.299397751688957,2.7537782937288284,2.2043017894029617,0.06291195750236511,0.5577798336744308,2.240646854043007,0.45278599858283997,0.14439469575881958,1.4064320176839828,0.19222083687782288,0.3043862283229828,1.237938553094864,2.6299929022789,1.4240350723266602,1.4319757521152496,1.9725290387868881,5.7739070653915405,2.8078649938106537,1.1962181106209755,1.9818809926509857,0.8978848308324814,2.5307773649692535,2.294672407209873,0.21055594086647034,1.9181296676397324,4.299825876951218,3.572605639696121,0.5049126446247101,6.327665027230978
51,-14.926213592290878,-12.449397772550583,-12.946221023797989,-10.904301546514034,-16.387088030576706,-14.792219817638397,-16.109352707862854,-13.252785310149193,-17.95560510456562,-14.293567299842834,-14.34222024679184,-13.845613181591034,-13.662061527371407,-14.779992833733559,-16.57403491437435,-15.98197616636753,-12.627471327781677,-14.026092499494553,-15.992135524749756,-8.95378164947033,-16.58188135921955,-14.052115201950073,-20.58077721297741,-10.44467268884182,-17.439444288611412,-17.26812931895256,-15.050174117088318,-16.022605285048485,-18.045086726546288,-8.527665093541145
52,-12.199999883770943,-9.150000020861626,-15.699999317526817,-8.699999757111073,-16.44999998807907,-15.349999651312828,-18.34999956190586,-12.799999311566353,-18.09999980032444,-15.699999317526817,-14.149999409914017,-14.149999409914017,-14.90000008046627,-12.149999931454659,-15.149999842047691,-14.550000414252281,-14.600000366568565,-19.799999564886093,-18.80000051856041,-10.149999760091305,-14.600000366568565,-14.950000032782555,-18.049999848008156,-8.150000281631947,-17.650000229477882,-15.349999651312828,-19.349999994039536,-12.449999645352364,-18.549999371170998,-2.2000000663101673
53,0.3516497313976288,2.8118491917848587,4.15397235751152,4.862305074930191,0.09969736635684967,2.3165531009435654,0.833835557103157,5.739640712738037,2.653729021549225,1.1131507009267807,0.8610048443078995,0.2794463634490967,0.6909171789884567,2.757993921637535,0.8630114942789078,2.4393426179885864,0.34343552589416504,2.922309175133705,2.2189728170633316,6.8479879423975945,0.7435501664876938,3.0358096212148666,0.06944049894809723,0.4472302943468094,2.276011809706688,0.11149422824382782,1.493483453989029,0.4808453172445297,3.0027475357055664,6.606139375362545
54,-17.801650151610374,-15.138150751590729,-12.796027153730392,-9.66230508685112,-20.049696788191795,-14.333446696400642,-18.966164007782936,-16.03964102268219,-17.403729245066643,-17.736849769949913,-18.461005121469498,-17.57944692671299,-13.10908256471157,-16.992005690932274,-15.91301143169403,-17.360656946897507,-14.306564792990685,-17.877690821886063,-17.58102674782276,-8.552011661231518,-17.006449967622757,-12.76419098675251,-20.23055997490883,-9.24722995609045,-17.226011842489243,-17.638505905866623,-15.843484058976173,-17.519154578447342,-17.902747616171837,-6.30613935738802
55,-17.450000420212746,-17.949999943375587,-16.949999511241913,-4.800000011920929,-19.949999421834946,-16.649999797344208,-19.799999564886093,-10.300000309944153,-14.750000223517418,-18.850000470876694,-17.600000277161598,-17.300000563263893,-13.799999743700027,-19.74999961256981,-15.049999937415123,-19.799999564886093,-14.65000031888485,-20.799999997019768,-19.799999564886093,-15.399999603629112,-17.75000013411045,-15.800000607967377,-20.300000473856926,-8.799999661743641,-14.950000032782555,-17.75000013411045,-14.350000604987144,-17.99999989569187,-14.90000008046627,0.3000000179745257
56,4.195677384734154,0.41744598746299744,3.876112312078476,0.28037987649440765,0.5634422451257706,1.2358238101005554,0.8711642026901245,5.501809731125832,0.3859909176826477,2.2164885848760605,2.4977203011512756,4.4658248871564865,1.5450341254472733,1.7521287500858307,1.0117239356040955,2.686335176229477,1.2977394610643387,0.7220166176557541,0.0375286340713501,5.1375764310359955,1.385771006345749,0.45040327310562134,0.21959331631660461,1.6859167516231537,0.2888762652873993,0.19001410901546478,0.09665638208389282,0.4727341830730438,3.5007154643535614,0.2600909546017647
57,-17.14567793905735,-17.582553908228874,-11.9238882958889,-15.76962049305439,-17.736557364463806,-14.114175841212273,-18.871164098381996,-15.851809993386269,-16.414008736610413,-16.566489189863205,-17.347720429301262,-15.784175634384155,-13.395034343004227,-19.047871246933937,-16.511723443865776,-17.813665106892586,-16.19773954153061,-19.7220169454813,-16.93752819299698,-7.8875763192772865,-17.614229321479797,-15.199596092104912,-20.86959345638752,-12.635916441679,-17.261124059557915,-18.859986171126366,-17.953343465924263,-18.47726619243622,-18.450715497136116,-10.78990864008665
58,-12.950000554323196,-17.99999989569187,-15.800000607967377,-16.050000369548798,-18.299999609589577,-15.349999651312828,-17.99999989569187,-10.350000262260437,-16.79999965429306,-14.350000604987144,-14.850000128149986,-20.250000521540642,-11.850000217556953,-20.799999997019768,-15.49999950826168,-20.500000283122063,-14.90000008046627,-19.000000327825546,-16.89999955892563,-2.749999888241291,-19.000000327825546,-15.649999365210533,-20.650000140070915,-10.949999690055847,-17.550000324845314,-19.05000028014183,-18.049999848008156,-18.950000375509262,-14.950000032782555,-11.049999594688416
59,0.4191727042198181,3.6826895475387573,2.363495960831642,2.2613839134573936,4.528739705681801,0.5764674544334412,0.35726727545261383,2.846325322985649,4.575354129076004,2.1928281635046005,0.4600781202316284,0.15036527812480927,1.4453434273600578,3.359930709004402,0.31331221759319305,2.0153801292181015,3.7967150434851646,3.0063265562057495,2.0356442779302597,1.864176869392395,1.6109750270843506,2.383537344634533,1.735672801733017,1.7100201100111008,0.39845816791057587,7.482279017567635,2.0755865573883057,0.982127234339714,1.2075884938240051,3.913287479430437
60,-19.280826956033707,-14.717309966683388,-12.536504119634628,-8.711383737623692,-19.478739738464355,-14.623532339930534,-18.542733147740364,-16.253674909472466,-16.375354394316673,-18.40717202425003,-21.110078260302544,-20.950365275144577,-11.004656217992306,-13.890069901943207,-17.136688202619553,-16.06537963449955,-13.496715232729912,-18.493672773241997,-17.764355286955833,-8.685823202133179,-14.410974338650703,-10.53353762626648,-14.935673117637634,-8.910019911825657,-13.498458579182625,-13.682279080152512,-14.625586107373238,-16.232126981019974,-14.25758895277977,-4.7632874473929405
61,-19.699999660253525,-18.399999514222145,-14.90000008046627,-6.449999824166298,-14.950000032782555,-15.199999794363976,-18.900000423192978,-19.100000232458115,-11.80000026524067,-20.60000018775463,-20.650000140070915,-20.799999997019768,-12.449999645352364,-17.25000061094761,-17.450000420212746,-14.049999505281448,-9.700000189244747,-21.499999329447746,-19.799999564886093,-10.550000071525574,-12.799999311566353,-8.150000281631947,-13.200000315904617,-7.199999801814556,-13.100000411272049,-6.200000062584877,-12.549999549984932,-15.24999974668026,-13.050000458955765,-0.8499999679625034
62,1.9130589962005615,0.6604243814945221,2.0793582051992416,0.7099353149533272,2.1331918239593506,0.4508009999990463,0.320639505982399,2.7353129237890244,5.58064141869545,0.8245386928319931,2.17278990149498,0.8242144137620926,0.6804770231246948,2.7971956580877304,0.8500010073184967,5.265510067343712,0.7602851837873459,0.8275971710681915,2.5962881445884705,7.64078513532877,0.7463527917861938,1.890930414199829,2.827007681131363,2.9099228233098984,1.7003956735134125,0.8971642106771469,1.6047014743089676,2.9543578922748566,2.163297116756439,12.049468744546175
63,-19.813058987259865,-16.310423746705055,-14.420641735196114,-7.990064442157745,-20.58319129049778,-16.099198892712593,-20.22063897550106,-17.935312718153,-18.280640825629234,-19.624539211392403,-20.672789320349693,-19.574214980006218,-13.580477625131607,-15.952804908156395,-17.34999869763851,-18.565510287880898,-14.839714229106903,-18.827597066760063,-19.003712475299835,-10.409214712679386,-17.546352446079254,-12.240930676460266,-20.027008339762688,-8.140076771378517,-17.450396329164505,-17.15283563733101,-16.804701268672943,-19.004358261823654,-17.56329672038555,-3.399468418210745
64,-17.899999991059303,-15.649999365210533,-16.499999940395355,-8.699999757111073,-18.44999946653843,-16.54999989271164,-19.89999946951866,-15.199999794363976,-12.699999406933784,-18.80000051856041,-18.499999418854713,-18.750000566244125,-12.900000602006912,-18.750000566244125,-18.19999970495701,-13.300000220537186,-15.599999412894249,-17.99999989569187,-21.600000619888306,-18.049999848008156,-16.79999965429306,-10.350000262260437,-17.200000658631325,-11.049999594688416,-15.750000655651093,-18.049999848008156,-15.199999794363976,-16.050000369548798,-15.399999603629112,8.65000032633543
65,3.0751379877328873,2.599056124687195,0.41631239652633667,2.7549754604697227,1.8675088733434677,2.0499291867017746,1.3384110182523727,2.3032651096582413,9.167300969362259,0.009547784924507141,0.5455117970705032,1.4332465380430222,2.119568809866905,1.4183650389313698,4.883010603487492,2.875910073518753,2.3787966668605804,7.849172376096249,0.3226115107536316,0.2057541161775589,1.1609532833099365,2.8914666324853897,4.035464122891426,2.8856751695275307,2.580243781208992,1.4766619950532913,0.7322489023208618,1.166948288679123,2.3437598049640656,4.233314246230293
66,-17.225137397646904,-13.99905677139759,-12.933687776327133,-8.804975666105747,-19.61750900745392,-12.30007141828537,-18.061588928103447,-15.903265044093132,-18.61730070412159,-16.60954762995243,-18.84551140666008,-16.53324642777443,-11.630430981516838,-10.918364726006985,-11.466989479959011,-15.925910532474518,-13.321202650666237,-13.499172270298004,-18.52261121571064,-8.794246047735214,-17.360953509807587,-12.108533352613449,-19.985464587807655,-6.885675251483917,-17.43024390935898,-14.473338469862938,-15.317751467227936,-17.46694841980934,-16.59375911951065,-3.1833142451941967
67,-14.149999409914017,-11.400000646710396,-13.35000017285347,-6.0500002056360245,-17.75000013411045,-14.350000604987144,-19.39999994635582,-13.59999993443489,-9.44999973475933,-16.599999845027924,-18.299999609589577,-15.099999889731407,-13.749999791383743,-9.499999687075615,-16.350000083446503,-13.050000458955765,-15.699999317526817,-5.6499998942017555,-18.19999970495701,-9.000000163912773,-16.20000022649765,-14.999999985098839,-15.95000046491623,-4.000000081956387,-14.850000128149986,-15.95000046491623,-16.050000369548798,-16.30000013113022,-14.249999314546585,1.0500000010360964
68,1.1092113703489304,2.2640268206596375,1.7373504936695099,1.236065462231636,2.8302684873342514,2.049308344721794,0.005574673414230347,1.9919128566980362,3.6099670231342316,0.473452553153038,1.0135282576084137,1.650032639503479,0.2836448401212692,0.8586836159229279,0.8002019971609116,3.63582481443882,4.783260837197304,2.829645738005638,0.4074404537677765,5.588921792805195,2.4312527924776077,2.4625479727983475,6.776571542024612,2.2309242002665997,3.3138531148433685,1.938025712966919,0.5474242120981216,1.5098027288913727,1.5985318571329117,4.467600477160886
69,-19.20921117067337,-15.285973504185677,-12.762649968266487,-9.58606555312872,-19.9802678078413,-13.350691258907318,-19.705574333667755,-17.141912698745728,-18.25996734201908,-18.623452305793762,-20.413528203964233,-19.000033155083656,-12.316354662179947,-15.058682978153229,-14.149798035621643,-17.68582431972027,-14.06673963367939,-17.220353588461876,-18.292560160160065,-8.561077617108822,-16.98125320672989,-12.387452155351639,-21.376571908593178,-6.78092410415411,-17.113852858543396,-17.08802555501461,-16.697424486279488,-18.559802144765854,-16.94853150844574,-3.2676004730165005
70,-18.09999980032444,-17.550000324845314,-14.500000461935997,-8.350000090897083,-17.14999932050705,-15.399999603629112,-19.699999660253525,-15.149999842047691,-14.65000031888485,-18.149999752640724,-19.39999994635582,-17.350000515580177,-12.599999502301216,-14.199999362230301,-14.950000032782555,-14.049999505281448,-18.850000470876694,-20.049999326467514,-18.70000061392784,-14.149999409914017,-14.550000414252281,-14.850000128149986,-14.600000366568565,-4.54999990388751,-13.799999743700027,-15.149999842047691,-16.150000274181366,-17.04999941587448,-15.349999651312828,1.2000000041443855
71,1.1755804866552353,2.1507979929447174,4.0540431290864944,1.916244275867939,1.2564160525798798,0.9104554951190948,0.7945220917463303,5.261087954044342,2.391640856862068,2.097264751791954,2.0106434375047684,0.10011674463748932,1.6557596623897552,2.4934778213500977,0.2425002008676529,0.195961132645607,1.7617883533239365,0.36174118518829346,0.5960877239704132,0.5471181198954582,0.8745968490839005,0.15974529087543488,3.15903203189373,4.2879973128438,2.574426159262657,0.8405442535877228,3.355297088623047,0.03975701332092285,1.97367562353611,3.8631298914551735
72,-18.525581002235413,-15.999201759696007,-14.09595662355423,-10.416244223713875,-19.95641666650772,-15.139544874429703,-19.49452270567417,-17.261088028550148,-17.491640746593475,-18.697264596819878,-19.360643953084946,-17.949883103370667,-13.89423979818821,-19.00652150809765,-17.15750026702881,-18.245960980653763,-16.311788767576218,-19.911740988492966,-18.553912460803986,-8.552881948649883,-17.574596598744392,-13.940254166722298,-21.759031355381012,-9.562002383172512,-17.824425905942917,-17.15945564210415,-17.70529769361019,-18.639756336808205,-17.92367608845234,-7.963129878044128
73,-17.350000515580177,-18.149999752640724,-18.149999752640724,-8.499999947845936,-18.70000061392784,-16.050000369548798,-18.70000061392784,-12.000000074505806,-15.099999889731407,-16.599999845027924,-17.350000515580177,-18.049999848008156,-15.549999460577965,-21.499999329447746,-17.40000046789646,-18.049999848008156,-14.550000414252281,-19.549999803304672,-19.1500001847744,-9.100000068545341,-16.699999749660492,-14.099999457597733,-18.599999323487282,-13.849999696016312,-15.24999974668026,-17.99999989569187,-14.350000604987144,-18.599999323487282,-15.95000046491623,-4.099999986588955
74,2.3671120554208755,5.1229908019304276,1.2631658017635345,5.957258645445108,0.1595185399055481,0.5411709249019623,0.03181719779968262,1.7715569138526917,2.8568164110183716,0.9582215249538422,1.1774249970912933,2.7734967842698097,3.080045998096466,3.0632948726415634,5.257439985871315,3.771758198738098,4.707009524106979,5.978876382112503,1.0040243864059448,6.312933020293713,0.10666243731975555,3.8705621510744095,1.494734838604927,1.132297545671463,3.4347449392080307,3.038269430398941,0.3300098180770874,2.9232168793678284,2.6283460408449173,4.142136346548796
75,-15.167111366987228,-8.42299085855484,-13.136834755539894,-8.407258473336697,-16.909518241882324,-12.408829629421234,-18.718183368444443,-14.471556320786476,-17.906816348433495,-13.891778603196144,-15.727425411343575,-11.57349644601345,-12.419953510165215,-15.363294661045074,-11.24255995452404,-15.878241509199142,-12.44298979640007,-14.571123853325844,-16.354024037718773,-5.937066815793514,-18.25666218996048,-13.779438078403473,-21.794735312461853,-6.0822974145412445,-17.26525515317917,-17.611730709671974,-16.269990026950836,-17.926783069968224,-17.32165338099003,-6.592136174440384
76,-12.799999311566353,-3.3000000566244125,-14.400000557303429,-2.449999827891588,-16.749999701976776,-12.950000554323196,-18.750000566244125,-12.699999406933784,-15.049999937415123,-14.850000128149986,-14.550000414252281,-8.799999661743641,-15.49999950826168,-12.299999788403511,-16.499999940395355,-19.64999970793724,-17.14999932050705,-20.550000235438347,-15.349999651312828,-12.249999836087227,-18.149999752640724,-17.650000229477882,-20.300000473856926,-4.9499998688697815,-20.7000000923872,-20.650000140070915,-16.599999845027924,-20.849999949336052,-19.949999421834946,-2.449999827891588
77,2.169002488255501,0.32212647795677185,8.781986236572266,2.645721822977066,3.309129759669304,1.9987443685531616,2.9088737666606903,0.759456992149353,2.3830488473176956,1.2249867916107178,0.5186853259801865,2.0670480728149414,1.1492958664894104,3.5577755868434906,0.9530774056911469,0.848784789443016,2.3267138451337814,2.8304134756326675,2.646707996726036,0.7176360785961151,1.425757110118866,0.9521295130252838,5.789658680558205,3.1016630455851555,0.9136697053909302,0.1137489378452301,2.248927056789398,2.158550724387169,1.0594359189271927,7.3033753633499146
78,-15.019003137946129,-14.972126796841621,-11.51801423728466,-14.295722231268883,-14.690870136022568,-14.601255476474762,-16.24112641811371,-13.659457594156265,-18.233049407601357,-14.12501285970211,-14.868685930967331,-14.932951390743256,-12.94929613173008,-16.492223739624023,-16.39692310988903,-15.948784679174423,-13.023285806179047,-17.36958709359169,-15.40329185128212,-7.767636023461819,-16.424242928624153,-15.29787066578865,-20.339659094810486,-11.551663041114807,-16.963670074939728,-18.886251389980316,-16.001072600483894,-16.758551090955734,-18.259436577558517,-10.053375251591206
79,-12.850000649690628,-14.65000031888485,-20.300000473856926,-11.650000408291817,-17.99999989569187,-16.599999845027924,-19.1500001847744,-12.900000602006912,-15.850000560283661,-15.349999651312828,-14.350000604987144,-16.999999463558197,-11.80000026524067,-20.049999326467514,-17.350000515580177,-15.099999889731407,-15.349999651312828,-20.200000569224358,-18.049999848008156,-7.049999944865704,-17.85000003874302,-16.250000178813934,-14.550000414252281,-8.449999995529652,-16.050000369548798,-19.000000327825546,-18.249999657273293,-14.600000366568565,-17.200000658631325,-2.749999888241291
80,0.6158706545829773,1.0239439904689789,0.1539018601179123,2.948710724711418,4.470235049724579,3.298234537243843,0.5108674615621567,5.732304938137531,1.4584737867116928,1.764297530055046,1.4717941731214523,0.21031619608402252,1.4012366235256195,0.3299216479063034,1.3257890790700912,0.23131811618804932,0.03587484359741211,1.1646409183740616,2.2377893179655075,3.480748914182186,3.4359303265810013,3.1476373970508575,1.8596638143062592,4.80271290615201,0.41557566821575165,0.2879358232021332,2.4850105345249176,2.1620138585567474,2.3663069009780884,5.058116625994444
81,-16.36587131023407,-13.773943349719048,-13.053902462124825,-9.248710691928864,-19.27023522555828,-12.401764780282974,-18.23913310468197,-13.032304644584656,-18.508473202586174,-14.685702458024025,-16.621794015169144,-15.339683264493942,-11.648763835430145,-14.529921010136604,-14.324210286140442,-16.168681919574738,-11.714125469326973,-14.01464156806469,-16.06221029162407,-6.969251252710819,-17.73593097925186,-13.452362447977066,-20.259663328528404,-7.952712759375572,-17.015575513243675,-18.137935861945152,-15.164989694952965,-17.062013939023018,-17.86630640923977,-6.6581165716052055
82,-15.750000655651093,-12.749999359250069,-12.900000602006912,-6.299999967217445,-14.800000175833702,-15.699999317526817,-18.750000566244125,-7.2999997064471245,-17.04999941587448,-16.44999998807907,-15.149999842047691,-15.549999460577965,-13.050000458955765,-14.199999362230301,-15.649999365210533,-16.400000035762787,-11.750000312924385,-12.850000649690628,-18.299999609589577,-10.450000166893005,-14.30000065267086,-16.599999845027924,-18.399999514222145,-3.1499998532235622,-16.599999845027924,-17.85000003874302,-17.650000229477882,-14.90000008046627,-15.49999950826168,-1.5999999456107616
83,5.5238135904073715,3.3063579723238945,0.11610619723796844,2.534974977374077,3.199098512530327,2.409447968006134,2.9824925661087036,1.29451884329319,4.428671203553677,2.654340162873268,3.630104199051857,5.022480919957161,2.671702429652214,0.728674903512001,1.2085114419460297,2.4366139620542526,3.281151682138443,4.158347353339195,1.1936716884374619,2.3040716499090195,2.537105828523636,0.4404032826423645,1.1233576983213425,3.3507661893963814,3.512589931488037,6.841992072761059,1.4825336635112762,0.6833802908658981,0.7553674727678299,4.020732291042805
84,-17.7738134264946,-13.006358161568642,-14.383894264698029,-13.734974429011345,-18.899097830057144,-15.14055235683918,-17.13249197602272,-16.144518971443176,-14.228671297430992,-17.154340624809265,-18.33010447025299,-15.672480896115303,-12.02829784154892,-15.37132541835308,-16.35851128399372,-15.563385933637619,-14.61884830892086,-16.941652357578278,-17.456328973174095,-8.104071401059628,-14.812894687056541,-12.209596171975136,-18.12335716187954,-9.950765870511532,-15.887410014867783,-16.791992023587227,-16.417466327548027,-16.483380898833275,-16.305366933345795,-9.520732328295708
85,-12.249999836087227,-9.700000189244747,-14.500000461935997,-11.199999451637268,-15.699999317526817,-17.550000324845314,-14.149999409914017,-14.850000128149986,-9.800000093877316,-14.500000461935997,-14.700000271201134,-10.649999976158142,-14.700000271201134,-16.100000321865082,-15.149999842047691,-17.99999989569187,-17.899999991059303,-21.099999710917473,-18.650000661611557,-5.799999751150608,-17.350000515580177,-12.6499994546175,-16.999999463558197,-6.5999996811151505,-19.39999994635582,-9.949999950826168,-17.899999991059303,-15.800000607967377,-15.549999460577965,-5.500000037252903
86,1.1861334145069122,1.059786006808281,0.21653708815574646,0.564968541264534,2.744549334049225,0.9027559459209442,1.6058475375175476,2.324245721101761,9.407279953360558,0.8385408967733383,1.4291487038135529,1.240632563829422,2.623291999101639,1.8228105008602142,0.0874800831079483,0.599963828921318,0.27406059205532074,1.093153491616249,2.5054650604724884,0.9287375956773758,0.47289077937602997,0.21502932906150818,1.4968897700309753,1.8658911138772964,0.20779818296432495,6.602820321917534,1.8640138655900955,1.6238602697849274,0.3776461035013199,0.9233904555439949
87,-18.286132782697678,-14.840214505791664,-14.033462226390839,-13.86496876180172,-20.494549468159676,-16.447244569659233,-16.955847188830376,-16.0257538408041,-15.407280206680298,-18.038541555404663,-19.079148933291435,-18.709366858005524,-12.3767079859972,-15.227188915014267,-18.137479931116104,-15.650036349892616,-14.525939583778381,-18.05684669315815,-17.744535461068153,-9.878737807273865,-14.877108871936798,-12.734971225261688,-16.5468897074461,-12.234108343720436,-15.142201468348503,-14.002820625901222,-16.014013275504112,-16.17386068403721,-15.577645897865295,-9.123390689492226
88,-17.099999368190765,-15.900000512599945,-14.249999314546585,-13.300000220537186,-17.75000013411045,-17.350000515580177,-15.349999651312828,-18.34999956190586,-6.00000025331974,-17.200000658631325,-17.650000229477882,-19.949999421834946,-14.999999985098839,-17.04999941587448,-18.049999848008156,-16.250000178813934,-14.800000175833702,-19.1500001847744,-20.250000521540642,-8.950000211596489,-15.349999651312828,-12.950000554323196,-15.049999937415123,-14.099999457597733,-15.349999651312828,-7.400000303983688,-14.149999409914017,-14.550000414252281,-15.199999794363976,-8.20000023394823
89,1.538797989487648,1.1339300274848938,4.065828040242195,1.047635242342949,0.48979902267456055,2.796322599053383,1.3568408787250519,3.7980440333485603,2.051191657781601,0.5523064136505127,1.60973559319973,4.311551198363304,0.7327346280217171,3.2305017858743668,0.34987814724445343,4.195022761821747,0.9091630578041077,1.8355793356895447,3.9903583228588104,2.571414105594158,3.238441079854965,1.0677211433649063,6.43318772315979,4.030675463378429,2.40950807929039,0.9245704710483551,2.5400783866643906,0.06586840748786926,3.5033124685287476,4.516735836863518
90,-17.38879854977131,-16.33392982184887,-11.934172376990318,-14.452364265918732,-17.910200491547585,-13.753677293658257,-17.893159210681915,-13.948043793439865,-18.248808816075325,-15.752306208014488,-17.240264877676964,-16.18844908475876,-11.617265112698078,-15.569498732686043,-15.050121456384659,-16.45497737824917,-13.559162512421608,-16.814421325922012,-16.70964176952839,-7.721413783729076,-16.661558389663696,-13.78227898478508,-20.883188232779503,-12.430675506591797,-17.05950839817524,-18.02456983923912,-15.509921461343765,-17.515868827700615,-18.30331264436245,-9.266735896468163
91,-15.850000560283661,-15.199999794363976,-16.000000417232513,-15.49999950826168,-18.399999514222145,-16.54999989271164,-19.250000089406967,-10.149999760091305,-20.300000473856926,-15.199999794363976,-18.850000470876694,-20.500000283122063,-12.349999740719795,-18.80000051856041,-15.399999603629112,-20.650000140070915,-12.6499994546175,-18.650000661611557,-20.7000000923872,-5.149999678134918,-19.89999946951866,-14.850000128149986,-14.450000509619713,-8.400000043213367,-14.65000031888485,-17.099999368190765,-18.049999848008156,-17.450000420212746,-14.800000175833702,-4.750000059604645
92,2.590478837490082,3.26508791744709,2.2898153215646744,2.1240073814988136,5.879445180296898,0.3312866687774658,0.1374509334564209,4.597091913223267,2.803807869553566,0.9327143430709839,1.0752391517162323,1.3722178041934967,1.676362469792366,1.7937348634004593,1.8518404066562653,2.079332396388054,0.2358788102865219,1.2525690495967865,3.185260698199272,3.7805830240249634,1.1393817961215973,2.094570219516754,3.1454691290855408,0.7868781462311745,1.5630122125148773,1.410436138510704,0.9099247306585312,0.7171219438314438,3.978551760315895,5.911555650644004
93,-17.90952144563198,-17.31508742272854,-11.560184374451637,-12.024007380008698,-21.329444736242294,-12.381286695599556,-18.137450829148293,-15.14709198474884,-18.903808191418648,-17.667284980416298,-19.5247610360384,-19.677781954407692,-11.773637607693672,-12.956265360116959,-13.6981590539217,-16.529332906007767,-14.464121460914612,-14.05256836116314,-17.56473934650421,-8.019417241215706,-16.639381304383278,-13.305429384112358,-19.245469450950623,-10.763122357428074,-15.31301200389862,-14.3604366928339,-14.990075781941414,-16.967122122645378,-16.32855150103569,-5.711555667221546
94,-20.500000283122063,-14.049999505281448,-13.849999696016312,-9.899999998509884,-15.449999555945396,-12.05000002682209,-17.99999989569187,-10.550000071525574,-16.100000321865082,-18.599999323487282,-20.60000018775463,-21.04999975860119,-13.450000077486038,-14.750000223517418,-15.549999460577965,-14.450000509619713,-14.700000271201134,-12.799999311566353,-20.750000044703484,-11.80000026524067,-15.49999950826168,-15.399999603629112,-16.100000321865082,-11.550000503659248,-13.749999791383743,-12.950000554323196,-15.900000512599945,-16.250000178813934,-12.349999740719795,0.19999998342245817
95,3.554324060678482,4.665482923388481,1.8707192689180374,1.164664477109909,1.3745936006307602,1.1237166225910187,1.9836575984954834,0.5883027762174606,5.70320712774992,1.773114562034607,3.612981155514717,3.2314086258411407,2.3776845559477806,6.078108377754688,1.546556606888771,0.8277163505554199,0.9906050860881805,4.468723997473717,3.782422512769699,6.179430514574051,2.736570715904236,7.200703794136643,0.42676277458667755,1.2974241897463799,4.000258535146713,4.566681742668152,0.3991413712501526,0.373359277844429,1.6350589841604233,2.8382410388439894
96,-17.60432356595993,-11.01548284292221,-12.079280331730843,-8.764664590358734,-17.9245934933424,-14.473716795444489,-18.533657491207123,-16.688303098082542,-14.203207075595856,-16.72311459481716,-18.212981522083282,-14.931408986449242,-10.072315089404583,-11.778108224272728,-14.703443571925163,-16.277715906500816,-12.35939508676529,-15.73127657175064,-18.832422450184822,-7.820569038391113,-14.563429847359657,-8.850703865289688,-16.82323783636093,-6.447423867881298,-14.999741792678833,-17.76668205857277,-15.249141499400139,-16.726640090346336,-14.885059252381325,-1.711758865043521
97,-14.049999505281448,-6.3499999195337296,-13.94999960064888,-7.600000113248825,-16.54999989271164,-13.35000017285347,-16.54999989271164,-16.100000321865082,-8.499999947845936,-14.950000032782555,-14.600000366568565,-11.700000360608101,-12.449999645352364,-5.69999984651804,-16.250000178813934,-15.449999555945396,-13.35000017285347,-20.200000569224358,-15.049999937415123,-13.999999552965164,-17.300000563263893,-1.6500000711530447,-17.25000061094761,-5.149999678134918,-19.000000327825546,-13.200000315904617,-14.850000128149986,-17.099999368190765,-13.250000268220901,-4.54999990388751
98,2.9302503764629364,2.507837563753128,4.444817423820496,1.4848699644207954,0.0933193564414978,0.814312294125557,0.640205442905426,4.382924988865852,1.1410594880580902,1.8218007683753967,3.0731216371059418,2.270718887448311,0.7527075856924057,1.6913388967514038,0.6962128728628159,0.959709882736206,1.5337896794080734,0.05755217373371124,0.0715613067150116,3.6808774322271347,0.9062869846820831,0.8999141752719879,1.295712023973465,0.9951643943786621,1.7380411475896835,0.19146834313869476,2.733404666185379,1.0152674466371536,2.068929135799408,5.905193839222193
99,-17.930250361561775,-15.892161950469017,-13.405182614922523,-11.284870058298111,-19.106680780649185,-15.035688266158104,-19.290206104516983,-16.8829245865345,-17.158940121531487,-17.671801328659058,-18.3231213837862,-17.179281011223793,-14.047292590141296,-19.508660718798637,-16.796213194727898,-18.14029034972191,-16.083790093660355,-19.5575520247221,-17.771561488509178,-8.43087749183178,-17.543712481856346,-14.049914538860321,-20.245712399482727,-10.204835057258606,-17.63804166018963,-17.99146842956543,-17.583404794335365,-18.165266767144203,-17.968929648399353,-8.055193953216076
100,-14.999999985098839,-18.399999514222145,-17.85000003874302,-9.800000093877316,-19.200000137090683,-15.850000560283661,-18.650000661611557,-12.499999597668648,-18.299999609589577,-15.850000560283661,-15.24999974668026,-19.449999898672104,-14.800000175833702,-21.19999961555004,-16.100000321865082,-19.100000232458115,-14.550000414252281,-19.499999850988388,-17.700000181794167,-4.750000059604645,-18.44999946653843,-13.150000363588333,-18.950000375509262,-11.199999451637268,-15.900000512599945,-17.800000086426735,-14.850000128149986,-17.14999932050705,-15.900000512599945,-2.150000113993883
101,0.44760169088840485,2.360769212245941,2.195447340607643,0.33933059126138687,0.009718239307403564,1.5152484327554703,0.7923976480960846,0.5517293959856033,4.657292798161507,2.2056252360343933,2.1668517142534256,4.267257139086723,2.5423635840415955,0.34600481390953064,0.21698331832885742,3.0407824218273163,3.236444652080536,1.2011702954769135,0.0888340175151825,5.742002300918102,6.005463108420372,4.189405910670757,3.349188446998596,2.633300133049488,2.065592974424362,5.467146515846252,2.0912622958421707,3.292960152029991,3.735698089003563,3.946885872632265
102,-20.247601255774498,-14.260769382119179,-14.054552838206291,-10.439330399036407,-21.209717854857445,-16.084751844406128,-19.44239830970764,-17.59827035665512,-17.45729210972786,-19.20562469959259,-20.766851037740707,-19.517256885766983,-11.907636925578117,-14.303995504975319,-17.433016911149025,-17.340783074498177,-13.836444675922394,-19.19883008301258,-19.538833916187286,-10.307998068630695,-14.994536697864532,-10.68940568715334,-17.69918905198574,-9.383300364017487,-14.63440677523613,-18.66714683175087,-15.108738362789154,-18.307040467858315,-15.564301952719688,-4.95311438664794
103,-19.799999564886093,-11.900000169873238,-16.250000178813934,-10.09999980777502,-21.19999961555004,-17.600000277161598,-18.650000661611557,-18.149999752640724,-12.799999311566353,-16.999999463558197,-18.599999323487282,-15.24999974668026,-14.450000509619713,-14.65000031888485,-17.650000229477882,-14.30000065267086,-10.600000023841858,-20.400000378489494,-19.449999898672104,-16.050000369548798,-20.999999806284904,-6.499999776482582,-14.350000604987144,-6.7500002309679985,-16.699999749660492,-13.200000315904617,-17.200000658631325,-21.600000619888306,-19.30000004172325,-8.900000259280205
